,fnid,country,country_code,admin_1,admin_2,name,product,season_name,planting_year,planting_month,harvest_year,harvest_month,crop_production_system,indicator,value
0,LR2008A103,Liberia,LR,Bomi,none,Bomi,Rice,Main,1997,4,1997,12,none,area,1348.0
1,LR2008A103,Liberia,LR,Bomi,none,Bomi,Rice,Main,2008,4,2008,12,none,area,9730.0
2,LR2008A103,Liberia,LR,Bomi,none,Bomi,Rice,Main,2009,4,2009,12,none,area,8870.0
3,LR2008A103,Liberia,LR,Bomi,none,Bomi,Rice,Main,2010,4,2010,12,none,area,8700.0
4,LR2008A103,Liberia,LR,Bomi,none,Bomi,Rice,Main,2011,4,2011,12,none,area,7040.0
5,LR2008A103,Liberia,LR,Bomi,none,Bomi,Cassava,Main,1997,4,1997,12,none,area,809.0
6,LR2008A103,Liberia,LR,Bomi,none,Bomi,Cassava,Main,2008,4,2008,12,none,area,2200.0
7,LR2008A103,Liberia,LR,Bomi,none,Bomi,Cassava,Main,2010,4,2010,12,none,area,2500.0
8,LR2008A103,Liberia,LR,Bomi,none,Bomi,Cassava,Main,2011,4,2011,12,none,area,2060.0
9,LR2008A106,Liberia,LR,Bong,none,Bong,Rice,Main,1997,4,1997,12,none,area,32730.0
10,LR2008A106,Liberia,LR,Bong,none,Bong,Rice,Main,2008,4,2008,12,none,area,34130.0
11,LR2008A106,Liberia,LR,Bong,none,Bong,Rice,Main,2009,4,2009,12,none,area,43890.0
12,LR2008A106,Liberia,LR,Bong,none,Bong,Rice,Main,2010,4,2010,12,none,area,46020.0
13,LR2008A106,Liberia,LR,Bong,none,Bong,Rice,Main,2011,4,2011,12,none,area,47580.0
14,LR2008A106,Liberia,LR,Bong,none,Bong,Cassava,Main,1997,4,1997,12,none,area,5728.0
15,LR2008A106,Liberia,LR,Bong,none,Bong,Cassava,Main,2008,4,2008,12,none,area,5070.0
16,LR2008A106,Liberia,LR,Bong,none,Bong,Cassava,Main,2010,4,2010,12,none,area,7000.0
17,LR2008A106,Liberia,LR,Bong,none,Bong,Cassava,Main,2011,4,2011,12,none,area,8470.0
18,LR2008A109,Liberia,LR,Grand Bassa,none,Grand Bassa,Rice,Main,1997,4,1997,12,none,area,18614.0
19,LR2008A109,Liberia,LR,Grand Bassa,none,Grand Bassa,Rice,Main,2008,4,2008,12,none,area,12440.0
20,LR2008A109,Liberia,LR,Grand Bassa,none,Grand Bassa,Rice,Main,2009,4,2009,12,none,area,12530.0
21,LR2008A109,Liberia,LR,Grand Bassa,none,Grand Bassa,Rice,Main,2010,4,2010,12,none,area,12160.0
22,LR2008A109,Liberia,LR,Grand Bassa,none,Grand Bassa,Rice,Main,2011,4,2011,12,none,area,13640.0
23,LR2008A109,Liberia,LR,Grand Bassa,none,Grand Bassa,Cassava,Main,1997,4,1997,12,none,area,5817.0
24,LR2008A109,Liberia,LR,Grand Bassa,none,Grand Bassa,Cassava,Main,2008,4,2008,12,none,area,6040.0
25,LR2008A109,Liberia,LR,Grand Bassa,none,Grand Bassa,Cassava,Main,2010,4,2010,12,none,area,6230.0
26,LR2008A109,Liberia,LR,Grand Bassa,none,Grand Bassa,Cassava,Main,2011,4,2011,12,none,area,4970.0
27,LR2008A112,Liberia,LR,Grand Cape Mount,none,Grand Cape Mount,Rice,Main,1997,4,1997,12,none,area,3642.0
28,LR2008A112,Liberia,LR,Grand Cape Mount,none,Grand Cape Mount,Rice,Main,2008,4,2008,12,none,area,8370.0
29,LR2008A112,Liberia,LR,Grand Cape Mount,none,Grand Cape Mount,Rice,Main,2009,4,2009,12,none,area,7960.0
30,LR2008A112,Liberia,LR,Grand Cape Mount,none,Grand Cape Mount,Rice,Main,2010,4,2010,12,none,area,8380.0
31,LR2008A112,Liberia,LR,Grand Cape Mount,none,Grand Cape Mount,Rice,Main,2011,4,2011,12,none,area,7320.0
32,LR2008A112,Liberia,LR,Grand Cape Mount,none,Grand Cape Mount,Cassava,Main,1997,4,1997,12,none,area,2185.0
33,LR2008A112,Liberia,LR,Grand Cape Mount,none,Grand Cape Mount,Cassava,Main,2008,4,2008,12,none,area,2510.0
34,LR2008A112,Liberia,LR,Grand Cape Mount,none,Grand Cape Mount,Cassava,Main,2010,4,2010,12,none,area,2230.0
35,LR2008A112,Liberia,LR,Grand Cape Mount,none,Grand Cape Mount,Cassava,Main,2011,4,2011,12,none,area,2400.0
36,LR2008A115,Liberia,LR,Grand Gedeh,none,Grand Gedeh,Rice,Main,1997,4,1997,12,none,area,1441.8580203165604
37,LR2008A115,Liberia,LR,Grand Gedeh,none,Grand Gedeh,Rice,Main,2008,4,2008,12,none,area,11230.0
38,LR2008A115,Liberia,LR,Grand Gedeh,none,Grand Gedeh,Rice,Main,2009,4,2009,12,none,area,9970.0
39,LR2008A115,Liberia,LR,Grand Gedeh,none,Grand Gedeh,Rice,Main,2010,4,2010,12,none,area,10220.0
40,LR2008A115,Liberia,LR,Grand Gedeh,none,Grand Gedeh,Rice,Main,2011,4,2011,12,none,area,9250.0
41,LR2008A115,Liberia,LR,Grand Gedeh,none,Grand Gedeh,Cassava,Main,1997,4,1997,12,none,area,971.0
42,LR2008A115,Liberia,LR,Grand Gedeh,none,Grand Gedeh,Cassava,Main,2008,4,2008,12,none,area,3990.0
43,LR2008A115,Liberia,LR,Grand Gedeh,none,Grand Gedeh,Cassava,Main,2010,4,2010,12,none,area,3480.0
44,LR2008A115,Liberia,LR,Grand Gedeh,none,Grand Gedeh,Cassava,Main,2011,4,2011,12,none,area,2540.0
45,LR2008A118,Liberia,LR,Grand Kru,none,Grand Kru,Rice,Main,1997,4,1997,12,none,area,2630.0
46,LR2008A118,Liberia,LR,Grand Kru,none,Grand Kru,Rice,Main,2008,4,2008,12,none,area,7350.0
47,LR2008A118,Liberia,LR,Grand Kru,none,Grand Kru,Rice,Main,2009,4,2009,12,none,area,8590.0
48,LR2008A118,Liberia,LR,Grand Kru,none,Grand Kru,Rice,Main,2010,4,2010,12,none,area,8300.0
49,LR2008A118,Liberia,LR,Grand Kru,none,Grand Kru,Rice,Main,2011,4,2011,12,none,area,9800.0
50,LR2008A118,Liberia,LR,Grand Kru,none,Grand Kru,Cassava,Main,1997,4,1997,12,none,area,2104.0
51,LR2008A118,Liberia,LR,Grand Kru,none,Grand Kru,Cassava,Main,2008,4,2008,12,none,area,2590.0
52,LR2008A118,Liberia,LR,Grand Kru,none,Grand Kru,Cassava,Main,2010,4,2010,12,none,area,3320.0
53,LR2008A118,Liberia,LR,Grand Kru,none,Grand Kru,Cassava,Main,2011,4,2011,12,none,area,3380.0
54,LR2008A121,Liberia,LR,Lofa,none,Lofa,Rice,Main,1997,4,1997,12,none,area,15625.155072326746
55,LR2008A121,Liberia,LR,Lofa,none,Lofa,Rice,Main,2008,4,2008,12,none,area,34190.0
56,LR2008A121,Liberia,LR,Lofa,none,Lofa,Rice,Main,2009,4,2009,12,none,area,44000.0
57,LR2008A121,Liberia,LR,Lofa,none,Lofa,Rice,Main,2010,4,2010,12,none,area,46140.0
58,LR2008A121,Liberia,LR,Lofa,none,Lofa,Rice,Main,2011,4,2011,12,none,area,40500.0
59,LR2008A121,Liberia,LR,Lofa,none,Lofa,Cassava,Main,1997,4,1997,12,none,area,3236.0
60,LR2008A121,Liberia,LR,Lofa,none,Lofa,Cassava,Main,2008,4,2008,12,none,area,3300.0
61,LR2008A121,Liberia,LR,Lofa,none,Lofa,Cassava,Main,2010,4,2010,12,none,area,5200.0
62,LR2008A121,Liberia,LR,Lofa,none,Lofa,Cassava,Main,2011,4,2011,12,none,area,4550.0
63,LR2008A124,Liberia,LR,Margibi,none,Margibi,Rice,Main,1997,4,1997,12,none,area,7669.0
64,LR2008A124,Liberia,LR,Margibi,none,Margibi,Rice,Main,2008,4,2008,12,none,area,7520.0
65,LR2008A124,Liberia,LR,Margibi,none,Margibi,Rice,Main,2009,4,2009,12,none,area,7120.0
66,LR2008A124,Liberia,LR,Margibi,none,Margibi,Rice,Main,2010,4,2010,12,none,area,6670.0
67,LR2008A124,Liberia,LR,Margibi,none,Margibi,Rice,Main,2011,4,2011,12,none,area,6170.0
68,LR2008A124,Liberia,LR,Margibi,none,Margibi,Cassava,Main,1997,4,1997,12,none,area,2556.0
69,LR2008A124,Liberia,LR,Margibi,none,Margibi,Cassava,Main,2008,4,2008,12,none,area,3140.0
70,LR2008A124,Liberia,LR,Margibi,none,Margibi,Cassava,Main,2010,4,2010,12,none,area,2720.0
71,LR2008A124,Liberia,LR,Margibi,none,Margibi,Cassava,Main,2011,4,2011,12,none,area,3040.0
72,LR2008A127,Liberia,LR,Maryland,none,Maryland,Rice,Main,1997,4,1997,12,none,area,1983.0
73,LR2008A127,Liberia,LR,Maryland,none,Maryland,Rice,Main,2008,4,2008,12,none,area,8270.0
74,LR2008A127,Liberia,LR,Maryland,none,Maryland,Rice,Main,2009,4,2009,12,none,area,7410.0
75,LR2008A127,Liberia,LR,Maryland,none,Maryland,Rice,Main,2010,4,2010,12,none,area,7360.0
76,LR2008A127,Liberia,LR,Maryland,none,Maryland,Rice,Main,2011,4,2011,12,none,area,7470.0
77,LR2008A127,Liberia,LR,Maryland,none,Maryland,Cassava,Main,1997,4,1997,12,none,area,1983.0
78,LR2008A127,Liberia,LR,Maryland,none,Maryland,Cassava,Main,2008,4,2008,12,none,area,2470.0
79,LR2008A127,Liberia,LR,Maryland,none,Maryland,Cassava,Main,2010,4,2010,12,none,area,3530.0
80,LR2008A127,Liberia,LR,Maryland,none,Maryland,Cassava,Main,2011,4,2011,12,none,area,4890.0
81,LR2008A130,Liberia,LR,Montserrado,none,Montserrado,Rice,Main,1997,4,1997,12,none,area,4047.0
82,LR2008A130,Liberia,LR,Montserrado,none,Montserrado,Rice,Main,2008,4,2008,12,none,area,7920.0
83,LR2008A130,Liberia,LR,Montserrado,none,Montserrado,Rice,Main,2009,4,2009,12,none,area,8160.0
84,LR2008A130,Liberia,LR,Montserrado,none,Montserrado,Rice,Main,2010,4,2010,12,none,area,7380.0
85,LR2008A130,Liberia,LR,Montserrado,none,Montserrado,Rice,Main,2011,4,2011,12,none,area,6320.0
86,LR2008A130,Liberia,LR,Montserrado,none,Montserrado,Cassava,Main,1997,4,1997,12,none,area,5666.0
87,LR2008A130,Liberia,LR,Montserrado,none,Montserrado,Cassava,Main,2008,4,2008,12,none,area,3900.0
88,LR2008A130,Liberia,LR,Montserrado,none,Montserrado,Cassava,Main,2010,4,2010,12,none,area,3440.0
89,LR2008A130,Liberia,LR,Montserrado,none,Montserrado,Cassava,Main,2011,4,2011,12,none,area,3040.0
90,LR2008A133,Liberia,LR,Nimba,none,Nimba,Rice,Main,1997,4,1997,12,none,area,32627.0
91,LR2008A133,Liberia,LR,Nimba,none,Nimba,Rice,Main,2008,4,2008,12,none,area,46180.0
92,LR2008A133,Liberia,LR,Nimba,none,Nimba,Rice,Main,2009,4,2009,12,none,area,53020.0
93,LR2008A133,Liberia,LR,Nimba,none,Nimba,Rice,Main,2010,4,2010,12,none,area,55060.0
94,LR2008A133,Liberia,LR,Nimba,none,Nimba,Rice,Main,2011,4,2011,12,none,area,50930.0
95,LR2008A133,Liberia,LR,Nimba,none,Nimba,Cassava,Main,1997,4,1997,12,none,area,9322.0
96,LR2008A133,Liberia,LR,Nimba,none,Nimba,Cassava,Main,2008,4,2008,12,none,area,13530.0
97,LR2008A133,Liberia,LR,Nimba,none,Nimba,Cassava,Main,2010,4,2010,12,none,area,10630.0
98,LR2008A133,Liberia,LR,Nimba,none,Nimba,Cassava,Main,2011,4,2011,12,none,area,12140.0
99,LR2008A136,Liberia,LR,Rivercess,none,Rivercess,Rice,Main,1997,4,1997,12,none,area,4272.0
100,LR2008A136,Liberia,LR,Rivercess,none,Rivercess,Rice,Main,2008,4,2008,12,none,area,5960.0
101,LR2008A136,Liberia,LR,Rivercess,none,Rivercess,Rice,Main,2009,4,2009,12,none,area,7000.0
102,LR2008A136,Liberia,LR,Rivercess,none,Rivercess,Rice,Main,2010,4,2010,12,none,area,5860.0
103,LR2008A136,Liberia,LR,Rivercess,none,Rivercess,Rice,Main,2011,4,2011,12,none,area,4960.0
104,LR2008A136,Liberia,LR,Rivercess,none,Rivercess,Cassava,Main,1997,4,1997,12,none,area,1508.0
105,LR2008A136,Liberia,LR,Rivercess,none,Rivercess,Cassava,Main,2008,4,2008,12,none,area,2110.0
106,LR2008A136,Liberia,LR,Rivercess,none,Rivercess,Cassava,Main,2010,4,2010,12,none,area,2550.0
107,LR2008A136,Liberia,LR,Rivercess,none,Rivercess,Cassava,Main,2011,4,2011,12,none,area,2230.0
108,LR2008A139,Liberia,LR,Sinoe,none,Sinoe,Rice,Main,1997,4,1997,12,none,area,3286.0
109,LR2008A139,Liberia,LR,Sinoe,none,Sinoe,Rice,Main,2008,4,2008,12,none,area,8950.0
110,LR2008A139,Liberia,LR,Sinoe,none,Sinoe,Rice,Main,2009,4,2009,12,none,area,9200.0
111,LR2008A139,Liberia,LR,Sinoe,none,Sinoe,Rice,Main,2010,4,2010,12,none,area,9290.0
112,LR2008A139,Liberia,LR,Sinoe,none,Sinoe,Rice,Main,2011,4,2011,12,none,area,8300.0
113,LR2008A139,Liberia,LR,Sinoe,none,Sinoe,Cassava,Main,1997,4,1997,12,none,area,1643.0
114,LR2008A139,Liberia,LR,Sinoe,none,Sinoe,Cassava,Main,2008,4,2008,12,none,area,2120.0
115,LR2008A139,Liberia,LR,Sinoe,none,Sinoe,Cassava,Main,2010,4,2010,12,none,area,3820.0
116,LR2008A139,Liberia,LR,Sinoe,none,Sinoe,Cassava,Main,2011,4,2011,12,none,area,3040.0
117,LR2008A142,Liberia,LR,River Gee,none,River Gee,Rice,Main,1997,4,1997,12,none,area,986.1419796834397
118,LR2008A142,Liberia,LR,River Gee,none,River Gee,Rice,Main,2008,4,2008,12,none,area,7990.0
119,LR2008A142,Liberia,LR,River Gee,none,River Gee,Rice,Main,2009,4,2009,12,none,area,6900.0
120,LR2008A142,Liberia,LR,River Gee,none,River Gee,Rice,Main,2010,4,2010,12,none,area,6800.0
121,LR2008A142,Liberia,LR,River Gee,none,River Gee,Rice,Main,2011,4,2011,12,none,area,7190.0
122,LR2008A142,Liberia,LR,River Gee,none,River Gee,Cassava,Main,2008,4,2008,12,none,area,2200.0
123,LR2008A142,Liberia,LR,River Gee,none,River Gee,Cassava,Main,2010,4,2010,12,none,area,2280.0
124,LR2008A142,Liberia,LR,River Gee,none,River Gee,Cassava,Main,2011,4,2011,12,none,area,2270.0
125,LR2008A145,Liberia,LR,Gbarpolu,none,Gbarpolu,Rice,Main,1997,4,1997,12,none,area,4608.844927673254
126,LR2008A145,Liberia,LR,Gbarpolu,none,Gbarpolu,Rice,Main,2008,4,2008,12,none,area,12440.0
127,LR2008A145,Liberia,LR,Gbarpolu,none,Gbarpolu,Rice,Main,2009,4,2009,12,none,area,12960.0
128,LR2008A145,Liberia,LR,Gbarpolu,none,Gbarpolu,Rice,Main,2010,4,2010,12,none,area,12890.0
129,LR2008A145,Liberia,LR,Gbarpolu,none,Gbarpolu,Rice,Main,2011,4,2011,12,none,area,12310.0
130,LR2008A145,Liberia,LR,Gbarpolu,none,Gbarpolu,Cassava,Main,2008,4,2008,12,none,area,2190.0
131,LR2008A145,Liberia,LR,Gbarpolu,none,Gbarpolu,Cassava,Main,2010,4,2010,12,none,area,2540.0
132,LR2008A145,Liberia,LR,Gbarpolu,none,Gbarpolu,Cassava,Main,2011,4,2011,12,none,area,2020.0
133,LR2008A103,Liberia,LR,Bomi,none,Bomi,Rice,Main,1995,4,1995,12,none,production,1800.0
134,LR2008A103,Liberia,LR,Bomi,none,Bomi,Rice,Main,1996,4,1996,12,none,production,200.0
135,LR2008A103,Liberia,LR,Bomi,none,Bomi,Rice,Main,1997,4,1997,12,none,production,1840.0
136,LR2008A103,Liberia,LR,Bomi,none,Bomi,Rice,Main,2008,4,2008,12,none,production,12740.0
137,LR2008A103,Liberia,LR,Bomi,none,Bomi,Rice,Main,2009,4,2009,12,none,production,10640.0
138,LR2008A103,Liberia,LR,Bomi,none,Bomi,Rice,Main,2010,4,2010,12,none,production,8700.0
139,LR2008A103,Liberia,LR,Bomi,none,Bomi,Rice,Main,2011,4,2011,12,none,production,7390.0
140,LR2008A103,Liberia,LR,Bomi,none,Bomi,Rice,Main,2012,4,2012,12,none,production,7570.0
141,LR2008A103,Liberia,LR,Bomi,none,Bomi,Rice,Main,2013,4,2013,12,none,production,7470.0
142,LR2008A103,Liberia,LR,Bomi,none,Bomi,Rice,Main,2014,4,2014,12,none,production,7990.0
143,LR2008A103,Liberia,LR,Bomi,none,Bomi,Rice,Main,2015,4,2015,12,none,production,8430.0
144,LR2008A103,Liberia,LR,Bomi,none,Bomi,Cassava,Main,1997,4,1997,12,none,production,4200.0
145,LR2008A103,Liberia,LR,Bomi,none,Bomi,Cassava,Main,2008,4,2008,12,none,production,23050.0
146,LR2008A103,Liberia,LR,Bomi,none,Bomi,Cassava,Main,2010,4,2010,12,none,production,15150.0
147,LR2008A103,Liberia,LR,Bomi,none,Bomi,Cassava,Main,2011,4,2011,12,none,production,14420.0
148,LR2008A103,Liberia,LR,Bomi,none,Bomi,Cassava,Main,2012,4,2012,12,none,production,14530.0
149,LR2008A103,Liberia,LR,Bomi,none,Bomi,Cassava,Main,2013,4,2013,12,none,production,14510.0
150,LR2008A103,Liberia,LR,Bomi,none,Bomi,Cassava,Main,2014,4,2014,12,none,production,15130.0
151,LR2008A103,Liberia,LR,Bomi,none,Bomi,Cassava,Main,2015,4,2015,12,none,production,18210.0
152,LR2008A106,Liberia,LR,Bong,none,Bong,Rice,Main,1995,4,1995,12,none,production,12100.0
153,LR2008A106,Liberia,LR,Bong,none,Bong,Rice,Main,1996,4,1996,12,none,production,28200.0
154,LR2008A106,Liberia,LR,Bong,none,Bong,Rice,Main,1997,4,1997,12,none,production,45500.0
155,LR2008A106,Liberia,LR,Bong,none,Bong,Rice,Main,2008,4,2008,12,none,production,46760.0
156,LR2008A106,Liberia,LR,Bong,none,Bong,Rice,Main,2009,4,2009,12,none,production,55740.0
157,LR2008A106,Liberia,LR,Bong,none,Bong,Rice,Main,2010,4,2010,12,none,production,58440.0
158,LR2008A106,Liberia,LR,Bong,none,Bong,Rice,Main,2011,4,2011,12,none,production,60900.0
159,LR2008A106,Liberia,LR,Bong,none,Bong,Rice,Main,2012,4,2012,12,none,production,62370.0
160,LR2008A106,Liberia,LR,Bong,none,Bong,Rice,Main,2013,4,2013,12,none,production,56430.0
161,LR2008A106,Liberia,LR,Bong,none,Bong,Rice,Main,2014,4,2014,12,none,production,58230.0
162,LR2008A106,Liberia,LR,Bong,none,Bong,Rice,Main,2015,4,2015,12,none,production,58900.0
163,LR2008A106,Liberia,LR,Bong,none,Bong,Cassava,Main,1997,4,1997,12,none,production,30360.0
164,LR2008A106,Liberia,LR,Bong,none,Bong,Cassava,Main,2008,4,2008,12,none,production,36320.0
165,LR2008A106,Liberia,LR,Bong,none,Bong,Cassava,Main,2010,4,2010,12,none,production,55790.0
166,LR2008A106,Liberia,LR,Bong,none,Bong,Cassava,Main,2011,4,2011,12,none,production,71150.0
167,LR2008A106,Liberia,LR,Bong,none,Bong,Cassava,Main,2012,4,2012,12,none,production,71660.0
168,LR2008A106,Liberia,LR,Bong,none,Bong,Cassava,Main,2013,4,2013,12,none,production,73180.0
169,LR2008A106,Liberia,LR,Bong,none,Bong,Cassava,Main,2014,4,2014,12,none,production,83460.0
170,LR2008A106,Liberia,LR,Bong,none,Bong,Cassava,Main,2015,4,2015,12,none,production,84160.0
171,LR2008A109,Liberia,LR,Grand Bassa,none,Grand Bassa,Rice,Main,1995,4,1995,12,none,production,7800.0
172,LR2008A109,Liberia,LR,Grand Bassa,none,Grand Bassa,Rice,Main,1996,4,1996,12,none,production,4600.0
173,LR2008A109,Liberia,LR,Grand Bassa,none,Grand Bassa,Rice,Main,1997,4,1997,12,none,production,19610.0
174,LR2008A109,Liberia,LR,Grand Bassa,none,Grand Bassa,Rice,Main,2008,4,2008,12,none,production,13060.0
175,LR2008A109,Liberia,LR,Grand Bassa,none,Grand Bassa,Rice,Main,2009,4,2009,12,none,production,12530.0
176,LR2008A109,Liberia,LR,Grand Bassa,none,Grand Bassa,Rice,Main,2010,4,2010,12,none,production,12400.0
177,LR2008A109,Liberia,LR,Grand Bassa,none,Grand Bassa,Rice,Main,2011,4,2011,12,none,production,15140.0
178,LR2008A109,Liberia,LR,Grand Bassa,none,Grand Bassa,Rice,Main,2012,4,2012,12,none,production,15500.0
179,LR2008A109,Liberia,LR,Grand Bassa,none,Grand Bassa,Rice,Main,2013,4,2013,12,none,production,14630.0
180,LR2008A109,Liberia,LR,Grand Bassa,none,Grand Bassa,Rice,Main,2014,4,2014,12,none,production,15440.0
181,LR2008A109,Liberia,LR,Grand Bassa,none,Grand Bassa,Rice,Main,2015,4,2015,12,none,production,15760.0
182,LR2008A109,Liberia,LR,Grand Bassa,none,Grand Bassa,Cassava,Main,1997,4,1997,12,none,production,38390.0
183,LR2008A109,Liberia,LR,Grand Bassa,none,Grand Bassa,Cassava,Main,2008,4,2008,12,none,production,51950.0
184,LR2008A109,Liberia,LR,Grand Bassa,none,Grand Bassa,Cassava,Main,2010,4,2010,12,none,production,46600.0
185,LR2008A109,Liberia,LR,Grand Bassa,none,Grand Bassa,Cassava,Main,2011,4,2011,12,none,production,36780.0
186,LR2008A109,Liberia,LR,Grand Bassa,none,Grand Bassa,Cassava,Main,2012,4,2012,12,none,production,37080.0
187,LR2008A109,Liberia,LR,Grand Bassa,none,Grand Bassa,Cassava,Main,2013,4,2013,12,none,production,41570.0
188,LR2008A109,Liberia,LR,Grand Bassa,none,Grand Bassa,Cassava,Main,2014,4,2014,12,none,production,42070.0
189,LR2008A109,Liberia,LR,Grand Bassa,none,Grand Bassa,Cassava,Main,2015,4,2015,12,none,production,43140.0
190,LR2008A112,Liberia,LR,Grand Cape Mount,none,Grand Cape Mount,Rice,Main,1995,4,1995,12,none,production,4800.0
191,LR2008A112,Liberia,LR,Grand Cape Mount,none,Grand Cape Mount,Rice,Main,1996,4,1996,12,none,production,700.0
192,LR2008A112,Liberia,LR,Grand Cape Mount,none,Grand Cape Mount,Rice,Main,1997,4,1997,12,none,production,5390.0
193,LR2008A112,Liberia,LR,Grand Cape Mount,none,Grand Cape Mount,Rice,Main,2008,4,2008,12,none,production,10710.0
194,LR2008A112,Liberia,LR,Grand Cape Mount,none,Grand Cape Mount,Rice,Main,2009,4,2009,12,none,production,8600.0
195,LR2008A112,Liberia,LR,Grand Cape Mount,none,Grand Cape Mount,Rice,Main,2010,4,2010,12,none,production,8550.0
196,LR2008A112,Liberia,LR,Grand Cape Mount,none,Grand Cape Mount,Rice,Main,2011,4,2011,12,none,production,8930.0
197,LR2008A112,Liberia,LR,Grand Cape Mount,none,Grand Cape Mount,Rice,Main,2012,4,2012,12,none,production,9140.0
198,LR2008A112,Liberia,LR,Grand Cape Mount,none,Grand Cape Mount,Rice,Main,2013,4,2013,12,none,production,8680.0
199,LR2008A112,Liberia,LR,Grand Cape Mount,none,Grand Cape Mount,Rice,Main,2014,4,2014,12,none,production,8460.0
200,LR2008A112,Liberia,LR,Grand Cape Mount,none,Grand Cape Mount,Rice,Main,2015,4,2015,12,none,production,8460.0
201,LR2008A112,Liberia,LR,Grand Cape Mount,none,Grand Cape Mount,Cassava,Main,1997,4,1997,12,none,production,17480.0
202,LR2008A112,Liberia,LR,Grand Cape Mount,none,Grand Cape Mount,Cassava,Main,2008,4,2008,12,none,production,16350.0
203,LR2008A112,Liberia,LR,Grand Cape Mount,none,Grand Cape Mount,Cassava,Main,2010,4,2010,12,none,production,17390.0
204,LR2008A112,Liberia,LR,Grand Cape Mount,none,Grand Cape Mount,Cassava,Main,2011,4,2011,12,none,production,17760.0
205,LR2008A112,Liberia,LR,Grand Cape Mount,none,Grand Cape Mount,Cassava,Main,2012,4,2012,12,none,production,17910.0
206,LR2008A112,Liberia,LR,Grand Cape Mount,none,Grand Cape Mount,Cassava,Main,2013,4,2013,12,none,production,17740.0
207,LR2008A112,Liberia,LR,Grand Cape Mount,none,Grand Cape Mount,Cassava,Main,2014,4,2014,12,none,production,17740.0
208,LR2008A112,Liberia,LR,Grand Cape Mount,none,Grand Cape Mount,Cassava,Main,2015,4,2015,12,none,production,18210.0
209,LR2008A115,Liberia,LR,Grand Gedeh,none,Grand Gedeh,Rice,Main,1995,4,1995,12,none,production,653.2305693361683
210,LR2008A115,Liberia,LR,Grand Gedeh,none,Grand Gedeh,Rice,Main,1996,4,1996,12,none,production,950.1535553980628
211,LR2008A115,Liberia,LR,Grand Gedeh,none,Grand Gedeh,Rice,Main,1997,4,1997,12,none,production,1971.5686274509806
212,LR2008A115,Liberia,LR,Grand Gedeh,none,Grand Gedeh,Rice,Main,2008,4,2008,12,none,production,13810.0
213,LR2008A115,Liberia,LR,Grand Gedeh,none,Grand Gedeh,Rice,Main,2009,4,2009,12,none,production,12560.0
214,LR2008A115,Liberia,LR,Grand Gedeh,none,Grand Gedeh,Rice,Main,2010,4,2010,12,none,production,12980.0
215,LR2008A115,Liberia,LR,Grand Gedeh,none,Grand Gedeh,Rice,Main,2011,4,2011,12,none,production,11380.0
216,LR2008A115,Liberia,LR,Grand Gedeh,none,Grand Gedeh,Rice,Main,2012,4,2012,12,none,production,13000.0
217,LR2008A115,Liberia,LR,Grand Gedeh,none,Grand Gedeh,Rice,Main,2013,4,2013,12,none,production,12400.0
218,LR2008A115,Liberia,LR,Grand Gedeh,none,Grand Gedeh,Rice,Main,2014,4,2014,12,none,production,12400.0
219,LR2008A115,Liberia,LR,Grand Gedeh,none,Grand Gedeh,Rice,Main,2015,4,2015,12,none,production,12020.0
220,LR2008A115,Liberia,LR,Grand Gedeh,none,Grand Gedeh,Cassava,Main,1997,4,1997,12,none,production,7280.0
221,LR2008A115,Liberia,LR,Grand Gedeh,none,Grand Gedeh,Cassava,Main,2008,4,2008,12,none,production,34480.0
222,LR2008A115,Liberia,LR,Grand Gedeh,none,Grand Gedeh,Cassava,Main,2010,4,2010,12,none,production,30100.0
223,LR2008A115,Liberia,LR,Grand Gedeh,none,Grand Gedeh,Cassava,Main,2011,4,2011,12,none,production,21080.0
224,LR2008A115,Liberia,LR,Grand Gedeh,none,Grand Gedeh,Cassava,Main,2012,4,2012,12,none,production,20400.0
225,LR2008A115,Liberia,LR,Grand Gedeh,none,Grand Gedeh,Cassava,Main,2013,4,2013,12,none,production,19600.0
226,LR2008A115,Liberia,LR,Grand Gedeh,none,Grand Gedeh,Cassava,Main,2014,4,2014,12,none,production,19600.0
227,LR2008A115,Liberia,LR,Grand Gedeh,none,Grand Gedeh,Cassava,Main,2015,4,2015,12,none,production,21800.0
228,LR2008A118,Liberia,LR,Grand Kru,none,Grand Kru,Rice,Main,1996,4,1996,12,none,production,500.0
229,LR2008A118,Liberia,LR,Grand Kru,none,Grand Kru,Rice,Main,1997,4,1997,12,none,production,3630.0
230,LR2008A118,Liberia,LR,Grand Kru,none,Grand Kru,Rice,Main,2008,4,2008,12,none,production,9990.0
231,LR2008A118,Liberia,LR,Grand Kru,none,Grand Kru,Rice,Main,2009,4,2009,12,none,production,9620.0
232,LR2008A118,Liberia,LR,Grand Kru,none,Grand Kru,Rice,Main,2010,4,2010,12,none,production,9500.0
233,LR2008A118,Liberia,LR,Grand Kru,none,Grand Kru,Rice,Main,2011,4,2011,12,none,production,11270.0
234,LR2008A118,Liberia,LR,Grand Kru,none,Grand Kru,Rice,Main,2012,4,2012,12,none,production,10420.0
235,LR2008A118,Liberia,LR,Grand Kru,none,Grand Kru,Rice,Main,2013,4,2013,12,none,production,10190.0
236,LR2008A118,Liberia,LR,Grand Kru,none,Grand Kru,Rice,Main,2014,4,2014,12,none,production,10240.0
237,LR2008A118,Liberia,LR,Grand Kru,none,Grand Kru,Rice,Main,2015,4,2015,12,none,production,9880.0
238,LR2008A118,Liberia,LR,Grand Kru,none,Grand Kru,Cassava,Main,1997,4,1997,12,none,production,15110.0
239,LR2008A118,Liberia,LR,Grand Kru,none,Grand Kru,Cassava,Main,2008,4,2008,12,none,production,24990.0
240,LR2008A118,Liberia,LR,Grand Kru,none,Grand Kru,Cassava,Main,2010,4,2010,12,none,production,29950.0
241,LR2008A118,Liberia,LR,Grand Kru,none,Grand Kru,Cassava,Main,2011,4,2011,12,none,production,27040.0
242,LR2008A118,Liberia,LR,Grand Kru,none,Grand Kru,Cassava,Main,2012,4,2012,12,none,production,28500.0
243,LR2008A118,Liberia,LR,Grand Kru,none,Grand Kru,Cassava,Main,2013,4,2013,12,none,production,28590.0
244,LR2008A118,Liberia,LR,Grand Kru,none,Grand Kru,Cassava,Main,2014,4,2014,12,none,production,28590.0
245,LR2008A118,Liberia,LR,Grand Kru,none,Grand Kru,Cassava,Main,2015,4,2015,12,none,production,28900.0
246,LR2008A121,Liberia,LR,Lofa,none,Lofa,Rice,Main,1995,4,1995,12,none,production,7645.005199962182
247,LR2008A121,Liberia,LR,Lofa,none,Lofa,Rice,Main,1996,4,1996,12,none,production,8880.561595915666
248,LR2008A121,Liberia,LR,Lofa,none,Lofa,Rice,Main,1997,4,1997,12,none,production,18564.234849201097
249,LR2008A121,Liberia,LR,Lofa,none,Lofa,Rice,Main,2008,4,2008,12,none,production,41710.0
250,LR2008A121,Liberia,LR,Lofa,none,Lofa,Rice,Main,2009,4,2009,12,none,production,55440.0
251,LR2008A121,Liberia,LR,Lofa,none,Lofa,Rice,Main,2010,4,2010,12,none,production,59980.0
252,LR2008A121,Liberia,LR,Lofa,none,Lofa,Rice,Main,2011,4,2011,12,none,production,51440.0
253,LR2008A121,Liberia,LR,Lofa,none,Lofa,Rice,Main,2012,4,2012,12,none,production,52660.0
254,LR2008A121,Liberia,LR,Lofa,none,Lofa,Rice,Main,2013,4,2013,12,none,production,47770.0
255,LR2008A121,Liberia,LR,Lofa,none,Lofa,Rice,Main,2014,4,2014,12,none,production,49280.0
256,LR2008A121,Liberia,LR,Lofa,none,Lofa,Rice,Main,2015,4,2015,12,none,production,50110.0
257,LR2008A121,Liberia,LR,Lofa,none,Lofa,Cassava,Main,1997,4,1997,12,none,production,18140.0
258,LR2008A121,Liberia,LR,Lofa,none,Lofa,Cassava,Main,2008,4,2008,12,none,production,32540.0
259,LR2008A121,Liberia,LR,Lofa,none,Lofa,Cassava,Main,2010,4,2010,12,none,production,45500.0
260,LR2008A121,Liberia,LR,Lofa,none,Lofa,Cassava,Main,2011,4,2011,12,none,production,38990.0
261,LR2008A121,Liberia,LR,Lofa,none,Lofa,Cassava,Main,2012,4,2012,12,none,production,39300.0
262,LR2008A121,Liberia,LR,Lofa,none,Lofa,Cassava,Main,2013,4,2013,12,none,production,40080.0
263,LR2008A121,Liberia,LR,Lofa,none,Lofa,Cassava,Main,2014,4,2014,12,none,production,40670.0
264,LR2008A121,Liberia,LR,Lofa,none,Lofa,Cassava,Main,2015,4,2015,12,none,production,42380.0
265,LR2008A124,Liberia,LR,Margibi,none,Margibi,Rice,Main,1995,4,1995,12,none,production,600.0
266,LR2008A124,Liberia,LR,Margibi,none,Margibi,Rice,Main,1996,4,1996,12,none,production,2600.0
267,LR2008A124,Liberia,LR,Margibi,none,Margibi,Rice,Main,1997,4,1997,12,none,production,9710.0
268,LR2008A124,Liberia,LR,Margibi,none,Margibi,Rice,Main,2008,4,2008,12,none,production,9320.0
269,LR2008A124,Liberia,LR,Margibi,none,Margibi,Rice,Main,2009,4,2009,12,none,production,8400.0
270,LR2008A124,Liberia,LR,Margibi,none,Margibi,Rice,Main,2010,4,2010,12,none,production,8000.0
271,LR2008A124,Liberia,LR,Margibi,none,Margibi,Rice,Main,2011,4,2011,12,none,production,7530.0
272,LR2008A124,Liberia,LR,Margibi,none,Margibi,Rice,Main,2012,4,2012,12,none,production,7710.0
273,LR2008A124,Liberia,LR,Margibi,none,Margibi,Rice,Main,2013,4,2013,12,none,production,6550.0
274,LR2008A124,Liberia,LR,Margibi,none,Margibi,Rice,Main,2014,4,2014,12,none,production,7000.0
275,LR2008A124,Liberia,LR,Margibi,none,Margibi,Rice,Main,2015,4,2015,12,none,production,7380.0
276,LR2008A124,Liberia,LR,Margibi,none,Margibi,Cassava,Main,1997,4,1997,12,none,production,14310.0
277,LR2008A124,Liberia,LR,Margibi,none,Margibi,Cassava,Main,2008,4,2008,12,none,production,29830.0
278,LR2008A124,Liberia,LR,Margibi,none,Margibi,Cassava,Main,2010,4,2010,12,none,production,20750.0
279,LR2008A124,Liberia,LR,Margibi,none,Margibi,Cassava,Main,2011,4,2011,12,none,production,21280.0
280,LR2008A124,Liberia,LR,Margibi,none,Margibi,Cassava,Main,2012,4,2012,12,none,production,21440.0
281,LR2008A124,Liberia,LR,Margibi,none,Margibi,Cassava,Main,2013,4,2013,12,none,production,22050.0
282,LR2008A124,Liberia,LR,Margibi,none,Margibi,Cassava,Main,2014,4,2014,12,none,production,22050.0
283,LR2008A124,Liberia,LR,Margibi,none,Margibi,Cassava,Main,2015,4,2015,12,none,production,22300.0
284,LR2008A127,Liberia,LR,Maryland,none,Maryland,Rice,Main,1995,4,1995,12,none,production,3400.0
285,LR2008A127,Liberia,LR,Maryland,none,Maryland,Rice,Main,1996,4,1996,12,none,production,300.0
286,LR2008A127,Liberia,LR,Maryland,none,Maryland,Rice,Main,1997,4,1997,12,none,production,2760.0
287,LR2008A127,Liberia,LR,Maryland,none,Maryland,Rice,Main,2008,4,2008,12,none,production,11410.0
288,LR2008A127,Liberia,LR,Maryland,none,Maryland,Rice,Main,2009,4,2009,12,none,production,8820.0
289,LR2008A127,Liberia,LR,Maryland,none,Maryland,Rice,Main,2010,4,2010,12,none,production,8540.0
290,LR2008A127,Liberia,LR,Maryland,none,Maryland,Rice,Main,2011,4,2011,12,none,production,8740.0
291,LR2008A127,Liberia,LR,Maryland,none,Maryland,Rice,Main,2012,4,2012,12,none,production,9200.0
292,LR2008A127,Liberia,LR,Maryland,none,Maryland,Rice,Main,2013,4,2013,12,none,production,8950.0
293,LR2008A127,Liberia,LR,Maryland,none,Maryland,Rice,Main,2014,4,2014,12,none,production,8950.0
294,LR2008A127,Liberia,LR,Maryland,none,Maryland,Rice,Main,2015,4,2015,12,none,production,8470.0
295,LR2008A127,Liberia,LR,Maryland,none,Maryland,Cassava,Main,1997,4,1997,12,none,production,10910.0
296,LR2008A127,Liberia,LR,Maryland,none,Maryland,Cassava,Main,2008,4,2008,12,none,production,19410.0
297,LR2008A127,Liberia,LR,Maryland,none,Maryland,Cassava,Main,2010,4,2010,12,none,production,28700.0
298,LR2008A127,Liberia,LR,Maryland,none,Maryland,Cassava,Main,2011,4,2011,12,none,production,39710.0
299,LR2008A127,Liberia,LR,Maryland,none,Maryland,Cassava,Main,2012,4,2012,12,none,production,32450.0
300,LR2008A127,Liberia,LR,Maryland,none,Maryland,Cassava,Main,2013,4,2013,12,none,production,32450.0
301,LR2008A127,Liberia,LR,Maryland,none,Maryland,Cassava,Main,2014,4,2014,12,none,production,32450.0
302,LR2008A127,Liberia,LR,Maryland,none,Maryland,Cassava,Main,2015,4,2015,12,none,production,32850.0
303,LR2008A130,Liberia,LR,Montserrado,none,Montserrado,Rice,Main,1995,4,1995,12,none,production,6900.0
304,LR2008A130,Liberia,LR,Montserrado,none,Montserrado,Rice,Main,1996,4,1996,12,none,production,7600.0
305,LR2008A130,Liberia,LR,Montserrado,none,Montserrado,Rice,Main,1997,4,1997,12,none,production,5080.0
306,LR2008A130,Liberia,LR,Montserrado,none,Montserrado,Rice,Main,2008,4,2008,12,none,production,9350.0
307,LR2008A130,Liberia,LR,Montserrado,none,Montserrado,Rice,Main,2009,4,2009,12,none,production,9140.0
308,LR2008A130,Liberia,LR,Montserrado,none,Montserrado,Rice,Main,2010,4,2010,12,none,production,8340.0
309,LR2008A130,Liberia,LR,Montserrado,none,Montserrado,Rice,Main,2011,4,2011,12,none,production,7390.0
310,LR2008A130,Liberia,LR,Montserrado,none,Montserrado,Rice,Main,2012,4,2012,12,none,production,7570.0
311,LR2008A130,Liberia,LR,Montserrado,none,Montserrado,Rice,Main,2013,4,2013,12,none,production,6780.0
312,LR2008A130,Liberia,LR,Montserrado,none,Montserrado,Rice,Main,2014,4,2014,12,none,production,7300.0
313,LR2008A130,Liberia,LR,Montserrado,none,Montserrado,Rice,Main,2015,4,2015,12,none,production,7370.0
314,LR2008A130,Liberia,LR,Montserrado,none,Montserrado,Cassava,Main,1997,4,1997,12,none,production,37960.0
315,LR2008A130,Liberia,LR,Montserrado,none,Montserrado,Cassava,Main,2008,4,2008,12,none,production,36710.0
316,LR2008A130,Liberia,LR,Montserrado,none,Montserrado,Cassava,Main,2010,4,2010,12,none,production,21740.0
317,LR2008A130,Liberia,LR,Montserrado,none,Montserrado,Cassava,Main,2011,4,2011,12,none,production,21280.0
318,LR2008A130,Liberia,LR,Montserrado,none,Montserrado,Cassava,Main,2012,4,2012,12,none,production,21440.0
319,LR2008A130,Liberia,LR,Montserrado,none,Montserrado,Cassava,Main,2013,4,2013,12,none,production,21440.0
320,LR2008A130,Liberia,LR,Montserrado,none,Montserrado,Cassava,Main,2014,4,2014,12,none,production,22570.0
321,LR2008A130,Liberia,LR,Montserrado,none,Montserrado,Cassava,Main,2015,4,2015,12,none,production,23110.0
322,LR2008A133,Liberia,LR,Nimba,none,Nimba,Rice,Main,1995,4,1995,12,none,production,6700.0
323,LR2008A133,Liberia,LR,Nimba,none,Nimba,Rice,Main,1996,4,1996,12,none,production,33800.0
324,LR2008A133,Liberia,LR,Nimba,none,Nimba,Rice,Main,1997,4,1997,12,none,production,38040.0
325,LR2008A133,Liberia,LR,Nimba,none,Nimba,Rice,Main,2008,4,2008,12,none,production,55880.0
326,LR2008A133,Liberia,LR,Nimba,none,Nimba,Rice,Main,2009,4,2009,12,none,production,59910.0
327,LR2008A133,Liberia,LR,Nimba,none,Nimba,Rice,Main,2010,4,2010,12,none,production,60570.0
328,LR2008A133,Liberia,LR,Nimba,none,Nimba,Rice,Main,2011,4,2011,12,none,production,61630.0
329,LR2008A133,Liberia,LR,Nimba,none,Nimba,Rice,Main,2012,4,2012,12,none,production,63080.0
330,LR2008A133,Liberia,LR,Nimba,none,Nimba,Rice,Main,2013,4,2013,12,none,production,53570.0
331,LR2008A133,Liberia,LR,Nimba,none,Nimba,Rice,Main,2014,4,2014,12,none,production,57870.0
332,LR2008A133,Liberia,LR,Nimba,none,Nimba,Rice,Main,2015,4,2015,12,none,production,61970.0
333,LR2008A133,Liberia,LR,Nimba,none,Nimba,Cassava,Main,1997,4,1997,12,none,production,68050.0
334,LR2008A133,Liberia,LR,Nimba,none,Nimba,Cassava,Main,2008,4,2008,12,none,production,132200.0
335,LR2008A133,Liberia,LR,Nimba,none,Nimba,Cassava,Main,2010,4,2010,12,none,production,93330.0
336,LR2008A133,Liberia,LR,Nimba,none,Nimba,Cassava,Main,2011,4,2011,12,none,production,103070.0
337,LR2008A133,Liberia,LR,Nimba,none,Nimba,Cassava,Main,2012,4,2012,12,none,production,103860.0
338,LR2008A133,Liberia,LR,Nimba,none,Nimba,Cassava,Main,2013,4,2013,12,none,production,104220.0
339,LR2008A133,Liberia,LR,Nimba,none,Nimba,Cassava,Main,2014,4,2014,12,none,production,115440.0
340,LR2008A133,Liberia,LR,Nimba,none,Nimba,Cassava,Main,2015,4,2015,12,none,production,118250.0
341,LR2008A136,Liberia,LR,Rivercess,none,Rivercess,Rice,Main,1995,4,1995,12,none,production,500.0
342,LR2008A136,Liberia,LR,Rivercess,none,Rivercess,Rice,Main,1996,4,1996,12,none,production,100.0
343,LR2008A136,Liberia,LR,Rivercess,none,Rivercess,Rice,Main,1997,4,1997,12,none,production,4790.0
344,LR2008A136,Liberia,LR,Rivercess,none,Rivercess,Rice,Main,2008,4,2008,12,none,production,6670.0
345,LR2008A136,Liberia,LR,Rivercess,none,Rivercess,Rice,Main,2009,4,2009,12,none,production,7410.0
346,LR2008A136,Liberia,LR,Rivercess,none,Rivercess,Rice,Main,2010,4,2010,12,none,production,6500.0
347,LR2008A136,Liberia,LR,Rivercess,none,Rivercess,Rice,Main,2011,4,2011,12,none,production,5110.0
348,LR2008A136,Liberia,LR,Rivercess,none,Rivercess,Rice,Main,2012,4,2012,12,none,production,5230.0
349,LR2008A136,Liberia,LR,Rivercess,none,Rivercess,Rice,Main,2013,4,2013,12,none,production,5170.0
350,LR2008A136,Liberia,LR,Rivercess,none,Rivercess,Rice,Main,2014,4,2014,12,none,production,5790.0
351,LR2008A136,Liberia,LR,Rivercess,none,Rivercess,Rice,Main,2015,4,2015,12,none,production,5730.0
352,LR2008A136,Liberia,LR,Rivercess,none,Rivercess,Cassava,Main,1997,4,1997,12,none,production,7690.0
353,LR2008A136,Liberia,LR,Rivercess,none,Rivercess,Cassava,Main,2008,4,2008,12,none,production,20560.0
354,LR2008A136,Liberia,LR,Rivercess,none,Rivercess,Cassava,Main,2010,4,2010,12,none,production,22440.0
355,LR2008A136,Liberia,LR,Rivercess,none,Rivercess,Cassava,Main,2011,4,2011,12,none,production,20200.0
356,LR2008A136,Liberia,LR,Rivercess,none,Rivercess,Cassava,Main,2012,4,2012,12,none,production,20340.0
357,LR2008A136,Liberia,LR,Rivercess,none,Rivercess,Cassava,Main,2013,4,2013,12,none,production,21300.0
358,LR2008A136,Liberia,LR,Rivercess,none,Rivercess,Cassava,Main,2014,4,2014,12,none,production,21300.0
359,LR2008A136,Liberia,LR,Rivercess,none,Rivercess,Cassava,Main,2015,4,2015,12,none,production,21420.0
360,LR2008A139,Liberia,LR,Sinoe,none,Sinoe,Rice,Main,1995,4,1995,12,none,production,500.0
361,LR2008A139,Liberia,LR,Sinoe,none,Sinoe,Rice,Main,1996,4,1996,12,none,production,2800.0
362,LR2008A139,Liberia,LR,Sinoe,none,Sinoe,Rice,Main,1997,4,1997,12,none,production,4680.0
363,LR2008A139,Liberia,LR,Sinoe,none,Sinoe,Rice,Main,2008,4,2008,12,none,production,12260.0
364,LR2008A139,Liberia,LR,Sinoe,none,Sinoe,Rice,Main,2009,4,2009,12,none,production,11500.0
365,LR2008A139,Liberia,LR,Sinoe,none,Sinoe,Rice,Main,2010,4,2010,12,none,production,10500.0
366,LR2008A139,Liberia,LR,Sinoe,none,Sinoe,Rice,Main,2011,4,2011,12,none,production,9630.0
367,LR2008A139,Liberia,LR,Sinoe,none,Sinoe,Rice,Main,2012,4,2012,12,none,production,8500.0
368,LR2008A139,Liberia,LR,Sinoe,none,Sinoe,Rice,Main,2013,4,2013,12,none,production,7840.0
369,LR2008A139,Liberia,LR,Sinoe,none,Sinoe,Rice,Main,2014,4,2014,12,none,production,8890.0
370,LR2008A139,Liberia,LR,Sinoe,none,Sinoe,Rice,Main,2015,4,2015,12,none,production,8890.0
371,LR2008A139,Liberia,LR,Sinoe,none,Sinoe,Cassava,Main,1997,4,1997,12,none,production,11830.0
372,LR2008A139,Liberia,LR,Sinoe,none,Sinoe,Cassava,Main,2008,4,2008,12,none,production,12770.0
373,LR2008A139,Liberia,LR,Sinoe,none,Sinoe,Cassava,Main,2010,4,2010,12,none,production,30560.0
374,LR2008A139,Liberia,LR,Sinoe,none,Sinoe,Cassava,Main,2011,4,2011,12,none,production,24320.0
375,LR2008A139,Liberia,LR,Sinoe,none,Sinoe,Cassava,Main,2012,4,2012,12,none,production,21730.0
376,LR2008A139,Liberia,LR,Sinoe,none,Sinoe,Cassava,Main,2013,4,2013,12,none,production,21110.0
377,LR2008A139,Liberia,LR,Sinoe,none,Sinoe,Cassava,Main,2014,4,2014,12,none,production,21110.0
378,LR2008A139,Liberia,LR,Sinoe,none,Sinoe,Cassava,Main,2015,4,2015,12,none,production,21440.0
379,LR2008A142,Liberia,LR,River Gee,none,River Gee,Rice,Main,1995,4,1995,12,none,production,446.7694306638318
380,LR2008A142,Liberia,LR,River Gee,none,River Gee,Rice,Main,1996,4,1996,12,none,production,649.8464446019372
381,LR2008A142,Liberia,LR,River Gee,none,River Gee,Rice,Main,1997,4,1997,12,none,production,1348.4313725490197
382,LR2008A142,Liberia,LR,River Gee,none,River Gee,Rice,Main,2008,4,2008,12,none,production,9900.0
383,LR2008A142,Liberia,LR,River Gee,none,River Gee,Rice,Main,2009,4,2009,12,none,production,7790.0
384,LR2008A142,Liberia,LR,River Gee,none,River Gee,Rice,Main,2010,4,2010,12,none,production,7620.0
385,LR2008A142,Liberia,LR,River Gee,none,River Gee,Rice,Main,2011,4,2011,12,none,production,8410.0
386,LR2008A142,Liberia,LR,River Gee,none,River Gee,Rice,Main,2012,4,2012,12,none,production,9100.0
387,LR2008A142,Liberia,LR,River Gee,none,River Gee,Rice,Main,2013,4,2013,12,none,production,8780.0
388,LR2008A142,Liberia,LR,River Gee,none,River Gee,Rice,Main,2014,4,2014,12,none,production,8550.0
389,LR2008A142,Liberia,LR,River Gee,none,River Gee,Rice,Main,2015,4,2015,12,none,production,8620.0
390,LR2008A142,Liberia,LR,River Gee,none,River Gee,Cassava,Main,2008,4,2008,12,none,production,15830.0
391,LR2008A142,Liberia,LR,River Gee,none,River Gee,Cassava,Main,2010,4,2010,12,none,production,18240.0
392,LR2008A142,Liberia,LR,River Gee,none,River Gee,Cassava,Main,2011,4,2011,12,none,production,18250.0
393,LR2008A142,Liberia,LR,River Gee,none,River Gee,Cassava,Main,2012,4,2012,12,none,production,20500.0
394,LR2008A142,Liberia,LR,River Gee,none,River Gee,Cassava,Main,2013,4,2013,12,none,production,21500.0
395,LR2008A142,Liberia,LR,River Gee,none,River Gee,Cassava,Main,2014,4,2014,12,none,production,21750.0
396,LR2008A142,Liberia,LR,River Gee,none,River Gee,Cassava,Main,2015,4,2015,12,none,production,22250.0
397,LR2008A145,Liberia,LR,Gbarpolu,none,Gbarpolu,Rice,Main,1995,4,1995,12,none,production,2254.994800037818
398,LR2008A145,Liberia,LR,Gbarpolu,none,Gbarpolu,Rice,Main,1996,4,1996,12,none,production,2619.438404084334
399,LR2008A145,Liberia,LR,Gbarpolu,none,Gbarpolu,Rice,Main,1997,4,1997,12,none,production,5475.765150798903
400,LR2008A145,Liberia,LR,Gbarpolu,none,Gbarpolu,Rice,Main,2008,4,2008,12,none,production,15430.0
401,LR2008A145,Liberia,LR,Gbarpolu,none,Gbarpolu,Rice,Main,2009,4,2009,12,none,production,14900.0
402,LR2008A145,Liberia,LR,Gbarpolu,none,Gbarpolu,Rice,Main,2010,4,2010,12,none,production,15470.0
403,LR2008A145,Liberia,LR,Gbarpolu,none,Gbarpolu,Rice,Main,2011,4,2011,12,none,production,15760.0
404,LR2008A145,Liberia,LR,Gbarpolu,none,Gbarpolu,Rice,Main,2012,4,2012,12,none,production,16140.0
405,LR2008A145,Liberia,LR,Gbarpolu,none,Gbarpolu,Rice,Main,2013,4,2013,12,none,production,14340.0
406,LR2008A145,Liberia,LR,Gbarpolu,none,Gbarpolu,Rice,Main,2014,4,2014,12,none,production,14210.0
407,LR2008A145,Liberia,LR,Gbarpolu,none,Gbarpolu,Rice,Main,2015,4,2015,12,none,production,14210.0
408,LR2008A145,Liberia,LR,Gbarpolu,none,Gbarpolu,Cassava,Main,2008,4,2008,12,none,production,9300.0
409,LR2008A145,Liberia,LR,Gbarpolu,none,Gbarpolu,Cassava,Main,2010,4,2010,12,none,production,16760.0
410,LR2008A145,Liberia,LR,Gbarpolu,none,Gbarpolu,Cassava,Main,2011,4,2011,12,none,production,13940.0
411,LR2008A145,Liberia,LR,Gbarpolu,none,Gbarpolu,Cassava,Main,2012,4,2012,12,none,production,14050.0
412,LR2008A145,Liberia,LR,Gbarpolu,none,Gbarpolu,Cassava,Main,2013,4,2013,12,none,production,13280.0
413,LR2008A145,Liberia,LR,Gbarpolu,none,Gbarpolu,Cassava,Main,2014,4,2014,12,none,production,14900.0
414,LR2008A145,Liberia,LR,Gbarpolu,none,Gbarpolu,Cassava,Main,2015,4,2015,12,none,production,21460.0
415,LR2008A103,Liberia,LR,Bomi,none,Bomi,Rice,Main,1997,4,1997,12,none,yield,1.3649851632047478
416,LR2008A103,Liberia,LR,Bomi,none,Bomi,Rice,Main,2008,4,2008,12,none,yield,1.3093525179856116
417,LR2008A103,Liberia,LR,Bomi,none,Bomi,Rice,Main,2009,4,2009,12,none,yield,1.1995490417136414
418,LR2008A103,Liberia,LR,Bomi,none,Bomi,Rice,Main,2010,4,2010,12,none,yield,1.0
419,LR2008A103,Liberia,LR,Bomi,none,Bomi,Rice,Main,2011,4,2011,12,none,yield,1.0497159090909092
420,LR2008A103,Liberia,LR,Bomi,none,Bomi,Cassava,Main,1997,4,1997,12,none,yield,5.19159456118665
421,LR2008A103,Liberia,LR,Bomi,none,Bomi,Cassava,Main,2008,4,2008,12,none,yield,10.477272727272727
422,LR2008A103,Liberia,LR,Bomi,none,Bomi,Cassava,Main,2010,4,2010,12,none,yield,6.06
423,LR2008A103,Liberia,LR,Bomi,none,Bomi,Cassava,Main,2011,4,2011,12,none,yield,7.0
424,LR2008A106,Liberia,LR,Bong,none,Bong,Rice,Main,1997,4,1997,12,none,yield,1.3901619309501987
425,LR2008A106,Liberia,LR,Bong,none,Bong,Rice,Main,2008,4,2008,12,none,yield,1.3700556694989745
426,LR2008A106,Liberia,LR,Bong,none,Bong,Rice,Main,2009,4,2009,12,none,yield,1.269993164730007
427,LR2008A106,Liberia,LR,Bong,none,Bong,Rice,Main,2010,4,2010,12,none,yield,1.2698826597131683
428,LR2008A106,Liberia,LR,Bong,none,Bong,Rice,Main,2011,4,2011,12,none,yield,1.2799495586380831
429,LR2008A106,Liberia,LR,Bong,none,Bong,Cassava,Main,1997,4,1997,12,none,yield,5.300279329608938
430,LR2008A106,Liberia,LR,Bong,none,Bong,Cassava,Main,2008,4,2008,12,none,yield,7.16370808678501
431,LR2008A106,Liberia,LR,Bong,none,Bong,Cassava,Main,2010,4,2010,12,none,yield,7.97
432,LR2008A106,Liberia,LR,Bong,none,Bong,Cassava,Main,2011,4,2011,12,none,yield,8.400236127508855
433,LR2008A109,Liberia,LR,Grand Bassa,none,Grand Bassa,Rice,Main,1997,4,1997,12,none,yield,1.0535081121736327
434,LR2008A109,Liberia,LR,Grand Bassa,none,Grand Bassa,Rice,Main,2008,4,2008,12,none,yield,1.04983922829582
435,LR2008A109,Liberia,LR,Grand Bassa,none,Grand Bassa,Rice,Main,2009,4,2009,12,none,yield,1.0
436,LR2008A109,Liberia,LR,Grand Bassa,none,Grand Bassa,Rice,Main,2010,4,2010,12,none,yield,1.019736842105263
437,LR2008A109,Liberia,LR,Grand Bassa,none,Grand Bassa,Rice,Main,2011,4,2011,12,none,yield,1.1099706744868034
438,LR2008A109,Liberia,LR,Grand Bassa,none,Grand Bassa,Cassava,Main,1997,4,1997,12,none,yield,6.599621798177755
439,LR2008A109,Liberia,LR,Grand Bassa,none,Grand Bassa,Cassava,Main,2008,4,2008,12,none,yield,8.600993377483444
440,LR2008A109,Liberia,LR,Grand Bassa,none,Grand Bassa,Cassava,Main,2010,4,2010,12,none,yield,7.479935794542536
441,LR2008A109,Liberia,LR,Grand Bassa,none,Grand Bassa,Cassava,Main,2011,4,2011,12,none,yield,7.400402414486922
442,LR2008A112,Liberia,LR,Grand Cape Mount,none,Grand Cape Mount,Rice,Main,1997,4,1997,12,none,yield,1.4799560680944537
443,LR2008A112,Liberia,LR,Grand Cape Mount,none,Grand Cape Mount,Rice,Main,2008,4,2008,12,none,yield,1.2795698924731183
444,LR2008A112,Liberia,LR,Grand Cape Mount,none,Grand Cape Mount,Rice,Main,2009,4,2009,12,none,yield,1.0804020100502512
445,LR2008A112,Liberia,LR,Grand Cape Mount,none,Grand Cape Mount,Rice,Main,2010,4,2010,12,none,yield,1.0202863961813842
446,LR2008A112,Liberia,LR,Grand Cape Mount,none,Grand Cape Mount,Rice,Main,2011,4,2011,12,none,yield,1.219945355191257
447,LR2008A112,Liberia,LR,Grand Cape Mount,none,Grand Cape Mount,Cassava,Main,1997,4,1997,12,none,yield,8.0
448,LR2008A112,Liberia,LR,Grand Cape Mount,none,Grand Cape Mount,Cassava,Main,2008,4,2008,12,none,yield,6.51394422310757
449,LR2008A112,Liberia,LR,Grand Cape Mount,none,Grand Cape Mount,Cassava,Main,2010,4,2010,12,none,yield,7.798206278026906
450,LR2008A112,Liberia,LR,Grand Cape Mount,none,Grand Cape Mount,Cassava,Main,2011,4,2011,12,none,yield,7.4
451,LR2008A115,Liberia,LR,Grand Gedeh,none,Grand Gedeh,Rice,Main,1997,4,1997,12,none,yield,1.3673805601317957
452,LR2008A115,Liberia,LR,Grand Gedeh,none,Grand Gedeh,Rice,Main,2008,4,2008,12,none,yield,1.2297417631344614
453,LR2008A115,Liberia,LR,Grand Gedeh,none,Grand Gedeh,Rice,Main,2009,4,2009,12,none,yield,1.259779338014042
454,LR2008A115,Liberia,LR,Grand Gedeh,none,Grand Gedeh,Rice,Main,2010,4,2010,12,none,yield,1.270058708414873
455,LR2008A115,Liberia,LR,Grand Gedeh,none,Grand Gedeh,Rice,Main,2011,4,2011,12,none,yield,1.2302702702702704
456,LR2008A115,Liberia,LR,Grand Gedeh,none,Grand Gedeh,Cassava,Main,1997,4,1997,12,none,yield,7.497425334706488
457,LR2008A115,Liberia,LR,Grand Gedeh,none,Grand Gedeh,Cassava,Main,2008,4,2008,12,none,yield,8.641604010025063
458,LR2008A115,Liberia,LR,Grand Gedeh,none,Grand Gedeh,Cassava,Main,2010,4,2010,12,none,yield,8.649425287356323
459,LR2008A115,Liberia,LR,Grand Gedeh,none,Grand Gedeh,Cassava,Main,2011,4,2011,12,none,yield,8.299212598425196
460,LR2008A118,Liberia,LR,Grand Kru,none,Grand Kru,Rice,Main,1997,4,1997,12,none,yield,1.3802281368821292
461,LR2008A118,Liberia,LR,Grand Kru,none,Grand Kru,Rice,Main,2008,4,2008,12,none,yield,1.3591836734693878
462,LR2008A118,Liberia,LR,Grand Kru,none,Grand Kru,Rice,Main,2009,4,2009,12,none,yield,1.119906868451688
463,LR2008A118,Liberia,LR,Grand Kru,none,Grand Kru,Rice,Main,2010,4,2010,12,none,yield,1.144578313253012
464,LR2008A118,Liberia,LR,Grand Kru,none,Grand Kru,Rice,Main,2011,4,2011,12,none,yield,1.15
465,LR2008A118,Liberia,LR,Grand Kru,none,Grand Kru,Cassava,Main,1997,4,1997,12,none,yield,7.181558935361217
466,LR2008A118,Liberia,LR,Grand Kru,none,Grand Kru,Cassava,Main,2008,4,2008,12,none,yield,9.64864864864865
467,LR2008A118,Liberia,LR,Grand Kru,none,Grand Kru,Cassava,Main,2010,4,2010,12,none,yield,9.021084337349398
468,LR2008A118,Liberia,LR,Grand Kru,none,Grand Kru,Cassava,Main,2011,4,2011,12,none,yield,8.0
469,LR2008A121,Liberia,LR,Lofa,none,Lofa,Rice,Main,1997,4,1997,12,none,yield,1.1880992389048137
470,LR2008A121,Liberia,LR,Lofa,none,Lofa,Rice,Main,2008,4,2008,12,none,yield,1.219947353027201
471,LR2008A121,Liberia,LR,Lofa,none,Lofa,Rice,Main,2009,4,2009,12,none,yield,1.26
472,LR2008A121,Liberia,LR,Lofa,none,Lofa,Rice,Main,2010,4,2010,12,none,yield,1.2999566536627656
473,LR2008A121,Liberia,LR,Lofa,none,Lofa,Rice,Main,2011,4,2011,12,none,yield,1.2701234567901234
474,LR2008A121,Liberia,LR,Lofa,none,Lofa,Cassava,Main,1997,4,1997,12,none,yield,5.6056860321384425
475,LR2008A121,Liberia,LR,Lofa,none,Lofa,Cassava,Main,2008,4,2008,12,none,yield,9.860606060606061
476,LR2008A121,Liberia,LR,Lofa,none,Lofa,Cassava,Main,2010,4,2010,12,none,yield,8.75
477,LR2008A121,Liberia,LR,Lofa,none,Lofa,Cassava,Main,2011,4,2011,12,none,yield,8.569230769230769
478,LR2008A124,Liberia,LR,Margibi,none,Margibi,Rice,Main,1997,4,1997,12,none,yield,1.266136393271613
479,LR2008A124,Liberia,LR,Margibi,none,Margibi,Rice,Main,2008,4,2008,12,none,yield,1.2393617021276595
480,LR2008A124,Liberia,LR,Margibi,none,Margibi,Rice,Main,2009,4,2009,12,none,yield,1.1797752808988764
481,LR2008A124,Liberia,LR,Margibi,none,Margibi,Rice,Main,2010,4,2010,12,none,yield,1.199400299850075
482,LR2008A124,Liberia,LR,Margibi,none,Margibi,Rice,Main,2011,4,2011,12,none,yield,1.220421393841167
483,LR2008A124,Liberia,LR,Margibi,none,Margibi,Cassava,Main,1997,4,1997,12,none,yield,5.598591549295775
484,LR2008A124,Liberia,LR,Margibi,none,Margibi,Cassava,Main,2008,4,2008,12,none,yield,9.5
485,LR2008A124,Liberia,LR,Margibi,none,Margibi,Cassava,Main,2010,4,2010,12,none,yield,7.6286764705882355
486,LR2008A124,Liberia,LR,Margibi,none,Margibi,Cassava,Main,2011,4,2011,12,none,yield,7.0
487,LR2008A127,Liberia,LR,Maryland,none,Maryland,Rice,Main,1997,4,1997,12,none,yield,1.3918305597579426
488,LR2008A127,Liberia,LR,Maryland,none,Maryland,Rice,Main,2008,4,2008,12,none,yield,1.3796856106408706
489,LR2008A127,Liberia,LR,Maryland,none,Maryland,Rice,Main,2009,4,2009,12,none,yield,1.1902834008097165
490,LR2008A127,Liberia,LR,Maryland,none,Maryland,Rice,Main,2010,4,2010,12,none,yield,1.1603260869565217
491,LR2008A127,Liberia,LR,Maryland,none,Maryland,Rice,Main,2011,4,2011,12,none,yield,1.1700133868808567
492,LR2008A127,Liberia,LR,Maryland,none,Maryland,Cassava,Main,1997,4,1997,12,none,yield,5.501765002521432
493,LR2008A127,Liberia,LR,Maryland,none,Maryland,Cassava,Main,2008,4,2008,12,none,yield,7.8582995951417
494,LR2008A127,Liberia,LR,Maryland,none,Maryland,Cassava,Main,2010,4,2010,12,none,yield,8.130311614730878
495,LR2008A127,Liberia,LR,Maryland,none,Maryland,Cassava,Main,2011,4,2011,12,none,yield,8.120654396728016
496,LR2008A130,Liberia,LR,Montserrado,none,Montserrado,Rice,Main,1997,4,1997,12,none,yield,1.255250803063998
497,LR2008A130,Liberia,LR,Montserrado,none,Montserrado,Rice,Main,2008,4,2008,12,none,yield,1.1805555555555556
498,LR2008A130,Liberia,LR,Montserrado,none,Montserrado,Rice,Main,2009,4,2009,12,none,yield,1.1200980392156863
499,LR2008A130,Liberia,LR,Montserrado,none,Montserrado,Rice,Main,2010,4,2010,12,none,yield,1.1300813008130082
500,LR2008A130,Liberia,LR,Montserrado,none,Montserrado,Rice,Main,2011,4,2011,12,none,yield,1.1693037974683544
501,LR2008A130,Liberia,LR,Montserrado,none,Montserrado,Cassava,Main,1997,4,1997,12,none,yield,6.699611719025768
502,LR2008A130,Liberia,LR,Montserrado,none,Montserrado,Cassava,Main,2008,4,2008,12,none,yield,9.412820512820513
503,LR2008A130,Liberia,LR,Montserrado,none,Montserrado,Cassava,Main,2010,4,2010,12,none,yield,6.319767441860465
504,LR2008A130,Liberia,LR,Montserrado,none,Montserrado,Cassava,Main,2011,4,2011,12,none,yield,7.0
505,LR2008A133,Liberia,LR,Nimba,none,Nimba,Rice,Main,1997,4,1997,12,none,yield,1.1659055383578019
506,LR2008A133,Liberia,LR,Nimba,none,Nimba,Rice,Main,2008,4,2008,12,none,yield,1.2100476396708533
507,LR2008A133,Liberia,LR,Nimba,none,Nimba,Rice,Main,2009,4,2009,12,none,yield,1.1299509619011694
508,LR2008A133,Liberia,LR,Nimba,none,Nimba,Rice,Main,2010,4,2010,12,none,yield,1.1000726480203415
509,LR2008A133,Liberia,LR,Nimba,none,Nimba,Rice,Main,2011,4,2011,12,none,yield,1.2100922835264087
510,LR2008A133,Liberia,LR,Nimba,none,Nimba,Cassava,Main,1997,4,1997,12,none,yield,7.299935636129586
511,LR2008A133,Liberia,LR,Nimba,none,Nimba,Cassava,Main,2008,4,2008,12,none,yield,9.770879526977089
512,LR2008A133,Liberia,LR,Nimba,none,Nimba,Cassava,Main,2010,4,2010,12,none,yield,8.779868297271872
513,LR2008A133,Liberia,LR,Nimba,none,Nimba,Cassava,Main,2011,4,2011,12,none,yield,8.490115321252059
514,LR2008A136,Liberia,LR,Rivercess,none,Rivercess,Rice,Main,1997,4,1997,12,none,yield,1.12125468164794
515,LR2008A136,Liberia,LR,Rivercess,none,Rivercess,Rice,Main,2008,4,2008,12,none,yield,1.1191275167785235
516,LR2008A136,Liberia,LR,Rivercess,none,Rivercess,Rice,Main,2009,4,2009,12,none,yield,1.0585714285714285
517,LR2008A136,Liberia,LR,Rivercess,none,Rivercess,Rice,Main,2010,4,2010,12,none,yield,1.1092150170648465
518,LR2008A136,Liberia,LR,Rivercess,none,Rivercess,Rice,Main,2011,4,2011,12,none,yield,1.030241935483871
519,LR2008A136,Liberia,LR,Rivercess,none,Rivercess,Cassava,Main,1997,4,1997,12,none,yield,5.099469496021221
520,LR2008A136,Liberia,LR,Rivercess,none,Rivercess,Cassava,Main,2008,4,2008,12,none,yield,9.744075829383887
521,LR2008A136,Liberia,LR,Rivercess,none,Rivercess,Cassava,Main,2010,4,2010,12,none,yield,8.8
522,LR2008A136,Liberia,LR,Rivercess,none,Rivercess,Cassava,Main,2011,4,2011,12,none,yield,9.058295964125561
523,LR2008A139,Liberia,LR,Sinoe,none,Sinoe,Rice,Main,1997,4,1997,12,none,yield,1.4242239805234327
524,LR2008A139,Liberia,LR,Sinoe,none,Sinoe,Rice,Main,2008,4,2008,12,none,yield,1.3698324022346369
525,LR2008A139,Liberia,LR,Sinoe,none,Sinoe,Rice,Main,2009,4,2009,12,none,yield,1.25
526,LR2008A139,Liberia,LR,Sinoe,none,Sinoe,Rice,Main,2010,4,2010,12,none,yield,1.1302475780409043
527,LR2008A139,Liberia,LR,Sinoe,none,Sinoe,Rice,Main,2011,4,2011,12,none,yield,1.1602409638554216
528,LR2008A139,Liberia,LR,Sinoe,none,Sinoe,Cassava,Main,1997,4,1997,12,none,yield,7.2002434570906875
529,LR2008A139,Liberia,LR,Sinoe,none,Sinoe,Cassava,Main,2008,4,2008,12,none,yield,6.023584905660377
530,LR2008A139,Liberia,LR,Sinoe,none,Sinoe,Cassava,Main,2010,4,2010,12,none,yield,8.0
531,LR2008A139,Liberia,LR,Sinoe,none,Sinoe,Cassava,Main,2011,4,2011,12,none,yield,8.0
532,LR2008A142,Liberia,LR,River Gee,none,River Gee,Rice,Main,1997,4,1997,12,none,yield,1.3673805601317957
533,LR2008A142,Liberia,LR,River Gee,none,River Gee,Rice,Main,2008,4,2008,12,none,yield,1.2390488110137672
534,LR2008A142,Liberia,LR,River Gee,none,River Gee,Rice,Main,2009,4,2009,12,none,yield,1.1289855072463768
535,LR2008A142,Liberia,LR,River Gee,none,River Gee,Rice,Main,2010,4,2010,12,none,yield,1.1205882352941177
536,LR2008A142,Liberia,LR,River Gee,none,River Gee,Rice,Main,2011,4,2011,12,none,yield,1.1696801112656467
537,LR2008A142,Liberia,LR,River Gee,none,River Gee,Cassava,Main,2008,4,2008,12,none,yield,7.195454545454545
538,LR2008A142,Liberia,LR,River Gee,none,River Gee,Cassava,Main,2010,4,2010,12,none,yield,8.0
539,LR2008A142,Liberia,LR,River Gee,none,River Gee,Cassava,Main,2011,4,2011,12,none,yield,8.039647577092511
540,LR2008A145,Liberia,LR,Gbarpolu,none,Gbarpolu,Rice,Main,1997,4,1997,12,none,yield,1.1880992389048135
541,LR2008A145,Liberia,LR,Gbarpolu,none,Gbarpolu,Rice,Main,2008,4,2008,12,none,yield,1.2403536977491962
542,LR2008A145,Liberia,LR,Gbarpolu,none,Gbarpolu,Rice,Main,2009,4,2009,12,none,yield,1.1496913580246915
543,LR2008A145,Liberia,LR,Gbarpolu,none,Gbarpolu,Rice,Main,2010,4,2010,12,none,yield,1.200155159038014
544,LR2008A145,Liberia,LR,Gbarpolu,none,Gbarpolu,Rice,Main,2011,4,2011,12,none,yield,1.2802599512591388
545,LR2008A145,Liberia,LR,Gbarpolu,none,Gbarpolu,Cassava,Main,2008,4,2008,12,none,yield,4.2465753424657535
546,LR2008A145,Liberia,LR,Gbarpolu,none,Gbarpolu,Cassava,Main,2010,4,2010,12,none,yield,6.5984251968503935
547,LR2008A145,Liberia,LR,Gbarpolu,none,Gbarpolu,Cassava,Main,2011,4,2011,12,none,yield,6.900990099009901
